run,tick,t_s,phase,body_yaw_present_rad,leg1_present_rad,leg2_present_rad,leg3_present_rad,leg4_present_rad,leg5_present_rad,leg6_present_rad,antenna_right_present_rad,antenna_left_present_rad,body_yaw_goal_rad,leg1_goal_rad,leg2_goal_rad,leg3_goal_rad,leg4_goal_rad,leg5_goal_rad,leg6_goal_rad,antenna_right_goal_rad,antenna_left_goal_rad
0,0,0.000057,commanding,0.009204,-0.174874,0.851359,-0.121184,0.087437,-0.814544,0.196350,3.233632,-3.233632,0.009204,-0.174874,0.851359,-0.121184,0.087437,-0.814544,0.196350,3.233632,-3.233632
0,1,0.020076,commanding,0.009204,-0.174874,0.851359,-0.121184,0.087437,-0.814544,0.196350,3.233632,-3.233632,0.009204,-0.174874,0.851359,-0.121184,0.087437,-0.814544,0.196350,3.233632,-3.233632
0,2,0.051584,commanding,0.009204,-0.174874,0.851359,-0.121184,0.087437,-0.814544,0.196350,3.233632,-3.233632,0.009202,-0.174762,0.851042,-0.121058,0.087318,-0.814234,0.196228,3.233144,-3.233144
0,3,0.083582,commanding,0.009204,-0.177942,0.854427,-0.121184,0.087437,-0.814544,0.199418,3.233632,-3.233632,0.009182,-0.173085,0.846278,-0.119156,0.085533,-0.809576,0.194404,3.225805,-3.225805
0,4,0.115589,commanding,0.009204,-0.177942,0.854427,-0.122718,0.087437,-0.814544,0.200951,3.232098,-3.233632,0.009115,-0.167732,0.831144,-0.113094,0.079845,-0.794783,0.188589,3.202352,-3.202352
0,5,0.147582,commanding,0.009204,-0.176408,0.849825,-0.121184,0.087437,-0.814544,0.196350,3.229030,-3.232098,0.008983,-0.157201,0.801699,-0.101218,0.068696,-0.766016,0.177185,3.156116,-3.156116
0,6,0.179591,commanding,0.009204,-0.173340,0.839087,-0.115049,0.084369,-0.809942,0.188680,3.210622,-3.213690,0.008775,-0.140557,0.756034,-0.082584,0.051191,-0.721436,0.159248,3.082807,-3.082807
0,7,0.211582,commanding,0.009204,-0.158000,0.814544,-0.098175,0.070563,-0.783864,0.174874,3.167670,-3.173806,0.008482,-0.117330,0.694052,-0.056865,0.027006,-0.660985,0.134374,2.980139,-2.980139
0,8,0.243589,commanding,0.009204,-0.133456,0.774660,-0.070563,0.046019,-0.734777,0.153398,3.101709,-3.110913,0.008106,-0.087495,0.617315,-0.024325,-0.003633,-0.586221,0.102661,2.847891,-2.847891
0,9,0.275587,commanding,0.009204,-0.102777,0.717903,-0.039884,0.018408,-0.668816,0.130388,3.018874,-3.028078,0.007649,-0.051296,0.528317,0.014413,-0.040170,-0.499589,0.064479,2.687245,-2.687245
0,10,0.307616,commanding,0.009204,-0.070563,0.644272,-0.003068,-0.015340,-0.595185,0.096641,2.916097,-2.920699,0.007119,-0.009264,0.430240,0.058396,-0.081734,-0.404186,0.020479,2.501022,-2.501022
0,11,0.339595,commanding,0.009204,-0.036816,0.558369,0.036816,-0.053689,-0.513884,0.058291,2.790311,-2.793379,0.006526,0.037964,0.326205,0.106593,-0.127383,-0.303023,-0.028617,2.292860,-2.292860
0,12,0.371581,commanding,0.009204,0.004602,0.461728,0.079767,-0.095107,-0.423379,0.012272,2.666059,-2.667593,0.005886,0.089427,0.219521,0.157735,-0.175937,-0.199281,-0.081787,2.068114,-2.068114
0,13,0.403581,commanding,0.009204,0.050621,0.357418,0.128854,-0.141126,-0.328272,-0.036816,2.610835,-2.616971,0.005214,0.144253,0.112673,0.210759,-0.226408,-0.095339,-0.138131,1.831897,-1.831897
0,14,0.435648,commanding,0.009204,0.102777,0.246971,0.176408,-0.187146,-0.230097,-0.090505,2.409884,-2.412952,0.004526,0.201388,0.007905,0.264545,-0.277739,0.006646,-0.196585,1.590108,-1.590108
0,15,0.467581,commanding,0.009204,0.158000,0.136524,0.230097,-0.237767,-0.125786,-0.150330,2.150641,-2.142971,0.003838,0.259765,-0.093060,0.318079,-0.328962,0.105015,-0.256083,1.348495,-1.348495
0,16,0.499581,commanding,0.009204,0.213223,0.024544,0.277651,-0.285320,-0.021476,-0.205553,1.885262,-1.880660,0.003173,0.317747,-0.188011,0.369941,-0.378709,0.197616,-0.314994,1.114699,-1.114699
0,17,0.531581,commanding,0.009204,0.273049,-0.081301,0.326738,-0.334408,0.081301,-0.265379,1.647495,-1.641359,0.002542,0.374346,-0.276187,0.419387,-0.426251,0.283695,-0.372349,0.893092,-0.893092
0,18,0.563599,commanding,0.009204,0.332874,-0.185612,0.378893,-0.385029,0.182544,-0.326738,1.435806,-1.426602,0.001963,0.428017,-0.356150,0.465252,-0.470445,0.361830,-0.426617,0.689532,-0.689532
0,19,0.595616,commanding,0.009204,0.394233,-0.280718,0.426447,-0.432583,0.276117,-0.388097,1.230253,-1.216447,0.001448,0.477333,-0.426810,0.506545,-0.510309,0.430934,-0.476393,0.508561,-0.508561
0,20,0.627587,commanding,0.009204,0.447922,-0.369689,0.469398,-0.474000,0.362019,-0.443320,1.013961,-1.000155,0.001007,0.520864,-0.487144,0.542324,-0.544906,0.489981,-0.520263,0.353942,-0.353942
0,21,0.659604,commanding,0.009204,0.497010,-0.444854,0.509282,-0.512350,0.438719,-0.492408,0.793068,-0.780796,0.000650,0.557338,-0.536337,0.571817,-0.573463,0.538151,-0.556978,0.228267,-0.228267
0,22,0.691603,commanding,0.009204,0.539961,-0.512350,0.543029,-0.544563,0.503146,-0.536893,0.579845,-0.576777,0.000376,0.585981,-0.574152,0.594665,-0.595609,0.575194,-0.585783,0.132141,-0.132141
0,23,0.723604,commanding,0.009204,0.575243,-0.564505,0.569107,-0.572175,0.555301,-0.572175,0.386563,-0.386563,0.000185,0.606388,-0.600674,0.610772,-0.611232,0.601183,-0.606292,0.065072,-0.065072
0,24,0.755593,commanding,0.007670,0.602854,-0.604388,0.590583,-0.592117,0.593651,-0.598253,0.222427,-0.220893,0.000069,0.618966,-0.616852,0.620627,-0.620796,0.617039,-0.618926,0.024332,-0.024332
0,25,0.787604,commanding,0.007670,0.618194,-0.625864,0.602854,-0.602854,0.616660,-0.615126,0.092039,-0.085903,0.000015,0.624954,-0.624510,0.625299,-0.625331,0.624545,-0.624940,0.005099,-0.005099
0,26,0.819603,commanding,0.007670,0.627398,-0.635068,0.607456,-0.608990,0.627398,-0.622796,0.010738,0.001534,0.000000,0.626510,-0.626495,0.626511,-0.626508,0.626491,-0.626502,0.000119,-0.000119
